,GEOID,CD
0,1500000US280330703242,02
1,1500000US280330703243,02
2,1500000US280330703251,02
3,1500000US280330703252,02
4,1500000US280330704111,02
5,1500000US280330704121,02
6,1500000US280330704212,02
7,1500000US280330705202,02
8,1500000US280330705222,02
9,1500000US280330707102,02
10,1500000US280330707212,02
11,1500000US280330708112,02
12,1500000US280330708221,02
13,1500000US280330710003,02
14,1500000US280350002003,03
15,1500000US280350006001,03
16,1500000US280350006005,03
17,1500000US280350008001,03
18,1500000US280350009001,03
19,1500000US280350010003,03
20,1500000US280350102002,03
21,1500000US280350103003,03
22,1500000US280350106004,04
23,1500000US280350107003,03
24,1500000US280399501012,04
25,1500000US280419501002,04
26,1500000US280439502003,02
27,1500000US280439504001,02
28,1500000US280439504004,02
29,1500000US280439505001,02
30,1500000US280439505002,02
31,1500000US280439505003,02
32,1500000US280450301002,04
33,1500000US280450302002,04
34,1500000US280450302006,04
35,1500000US280450303006,04
36,1500000US280450305001,04
37,1500000US280450306024,04
38,1500000US280470003002,04
39,1500000US280470006002,04
40,1500000US280470012011,04
41,1500000US280470012022,04
42,1500000US280470013002,04
43,1500000US280470014002,04
44,1500000US280470015012,04
45,1500000US280470016002,04
46,1500000US280470017002,04
47,1500000US280470018001,04
48,1500000US280470019003,04
49,1500000US280470024003,04
50,1500000US280470026002,04
51,1500000US280470027003,04
52,1500000US280470028003,04
53,1500000US280470031013,04
54,1500000US280470032041,04
55,1500000US280470032042,04
56,1500000US280470032052,04
57,1500000US280470032071,04
58,1500000US280470032083,04
59,1500000US280470033014,04
60,1500000US280470034024,04
61,1500000US280470034041,04
62,1500000US280470035013,04
63,1500000US280470035021,04
64,1500000US280470035042,04
65,1500000US280470035051,04
66,1500000US280470036001,04
67,1500000US280470037003,04
68,1500000US280470039001,04
69,1500000US280479900000,00
70,1500000US280490001003,01
71,1500000US280490002003,01
72,1500000US280490003011,01
73,1500000US280490003023,01
74,1500000US280490004002,01
75,1500000US280490005004,01
76,1500000US280490006003,01
77,1500000US280490008003,01
78,1500000US280490009002,01
79,1500000US280490011002,01
80,1500000US280490013003,01
81,1500000US280490015003,01
82,1500000US280490016003,01
83,1500000US280490020001,01
84,1500000US280490021003,01
85,1500000US280490024001,01
86,1500000US280490025002,01
87,1500000US280490030001,01
88,1500000US280490033001,01
89,1500000US280490033005,01
90,1500000US280490034002,01
91,1500000US280490035003,01
92,1500000US280490037002,01
93,1500000US280490101015,01
94,1500000US280490101023,01
95,1500000US280490102012,01
96,1500000US280490102024,01
97,1500000US280490103013,01
98,1500000US280490103042,01
99,1500000US280010001001,01
100,1500000US280010002003,01
101,1500000US280010003002,01
102,1500000US280010005002,01
103,1500000US280010007001,01
104,1500000US280010008004,01
105,1500000US280010009003,01
106,1500000US280039501004,02
107,1500000US280039502004,02
108,1500000US280039503003,02
109,1500000US280039505002,02
110,1500000US280039505005,02
111,1500000US280059501004,04
112,1500000US280059502004,01
113,1500000US280059503002,04
114,1500000US280070602001,03
115,1500000US280070605001,03
116,1500000US280070605002,03
117,1500000US280070605004,03
118,1500000US280119501002,01
119,1500000US280119502003,01
120,1500000US280119504004,01
121,1500000US280119506001,01
122,1500000US280119506005,01
123,1500000US280119507013,00
124,1500000US280139502002,02
125,1500000US280139504001,02
126,1500000US280159502004,02
127,1500000US280179501002,02
128,1500000US280179501003,02
129,1500000US280179504003,02
130,1500000US280199502004,02
131,1500000US280219501001,01
132,1500000US280219501002,01
133,1500000US280239502001,03
134,1500000US280239503003,03
135,1500000US280259501004,03
136,1500000US280259503001,03
137,1500000US280259503002,03
138,1500000US280259503004,03
139,1500000US280279501002,01
140,1500000US280279504001,01
141,1500000US280279505001,01
142,1500000US280279506002,01
143,1500000US280279507002,01
144,1500000US280299501003,03
145,1500000US280299504002,03
146,1500000US280299504005,03
147,1500000US280319502001,03
148,1500000US280330701011,02
149,1500000US280330701022,02
150,1500000US280330702213,02
151,1500000US280330703102,02
152,1500000US280590407005,04
153,1500000US280590408002,04
154,1500000US280590408003,04
155,1500000US280590410001,04
156,1500000US280590411002,04
157,1500000US280590413003,04
158,1500000US280590414001,04
159,1500000US280590416003,04
160,1500000US280590418001,04
161,1500000US280590418004,04
162,1500000US280590420003,04
163,1500000US280590421003,04
164,1500000US280590422004,04
165,1500000US280590426001,04
166,1500000US280590429002,04
167,1500000US280619502001,03
168,1500000US280639502001,01
169,1500000US280659501005,03
170,1500000US280659502021,03
171,1500000US280679501004,03
172,1500000US280679504011,03
173,1500000US280679505001,03
174,1500000US280679506003,03
175,1500000US280679507003,03
176,1500000US280679509005,03
177,1500000US280679510004,03
178,1500000US280679800001,03
179,1500000US280790404001,02
180,1500000US280790406003,03
181,1500000US280790406005,03
182,1500000US280819501013,02
183,1500000US280819502014,03
184,1500000US280819503023,03
185,1500000US280819504022,03
186,1500000US280819505004,03
187,1500000US280819506022,03
188,1500000US280819508001,03
189,1500000US280819509021,03
190,1500000US280819510021,03
191,1500000US280819511005,03
192,1500000US280839502003,01
193,1500000US280839503002,01
194,1500000US280839506002,01
195,1500000US280839506005,01
196,1500000US280839507003,01
197,1500000US280839508004,01
198,1500000US280839509003,01
199,1500000US280859504001,04
200,1500000US280859505001,03
201,1500000US280859505004,03
202,1500000US280859506005,03
203,1500000US280870003002,03
204,1500000US280690301002,03
205,1500000US280719502011,02
206,1500000US280719502012,02
207,1500000US280719502013,02
208,1500000US280719503013,02
209,1500000US280719504022,02
210,1500000US280719505033,02
211,1500000US280730202011,04
212,1500000US280730203012,03
213,1500000US280730203022,03
214,1500000US280730206004,04
215,1500000US280750002001,03
216,1500000US280750002002,03
217,1500000US280750003002,03
218,1500000US280750004004,03
219,1500000US280750007001,03
220,1500000US280750008001,03
221,1500000US280750009003,00
222,1500000US280750010004,03
223,1500000US280750011013,03
224,1500000US280750102023,03
225,1500000US280750106004,04
226,1500000US280750107002,03
227,1500000US280779602004,03
228,1500000US280490104002,01
229,1500000US280490104003,01
230,1500000US280490104004,01
231,1500000US280490105005,01
232,1500000US280490108011,01
233,1500000US280490108041,01
234,1500000US280490108052,01
235,1500000US280490108081,01
236,1500000US280490109011,01
237,1500000US280490109022,01
238,1500000US280490111011,01
239,1500000US280490111022,01
240,1500000US280490114001,01
241,1500000US280490114002,01
242,1500000US280519501004,03
243,1500000US280519502003,03
244,1500000US280519503002,01
245,1500000US280519505002,03
246,1500000US280539502003,01
247,1500000US280579502001,02
248,1500000US280579503002,02
249,1500000US280579505003,02
250,1500000US280590402013,04
251,1500000US280590402043,04
252,1500000US280590403005,04
253,1500000US280590405002,04
254,1500000US280590405005,04
255,1500000US280590406003,04
256,1500000US280590407003,04
257,1500000US280959504003,02
258,1500000US280959506002,03
259,1500000US280959507002,03
260,1500000US280959508003,03
261,1500000US280979503002,02
262,1500000US280990104001,03
263,1500000US280990104003,03
264,1500000US280990107003,02
265,1500000US281010503001,03
266,1500000US281010504002,03
267,1500000US281010505004,03
268,1500000US281039502001,03
269,1500000US281059502002,03
270,1500000US281059503001,03
271,1500000US281059505001,03
272,1500000US281059506012,03
273,1500000US281059507005,03
274,1500000US281079502001,02
275,1500000US281079505002,02
276,1500000US281079506001,02
277,1500000US281079506004,02
278,1500000US281099503002,04
279,1500000US281099505011,04
280,1500000US281210206001,01
281,1500000US281210206002,01
282,1500000US281210207031,01
283,1500000US281210208012,01
284,1500000US281210210011,01
285,1500000US281210210031,01
286,1500000US281230202003,02
287,1500000US281230204002,03
288,1500000US281259501001,01
289,1500000US281259502002,01
290,1500000US281279502002,03
291,1500000US281279504001,03
292,1500000US281279505001,03
293,1500000US281299502006,03
294,1500000US281310202023,04
295,1500000US281339501002,01
296,1500000US281339502002,01
297,1500000US281339503001,01
298,1500000US281339504013,01
299,1500000US281339504023,01
300,1500000US281359502001,02
301,1500000US281359503002,01
302,1500000US281099505012,04
303,1500000US281099505013,04
304,1500000US281099506001,04
305,1500000US281099507003,04
306,1500000US281139501011,04
307,1500000US281139502002,04
308,1500000US281139503004,04
309,1500000US281139505003,04
310,1500000US281139505006,04
311,1500000US281159501011,02
312,1500000US281159502002,02
313,1500000US281159505003,02
314,1500000US281179503001,02
315,1500000US281179503005,02
316,1500000US281199502001,01
317,1500000US281199503003,01
318,1500000US281210202061,03
319,1500000US281210202081,01
320,1500000US281210202093,01
321,1500000US281210202112,01
322,1500000US281210203012,01
323,1500000US281210204012,01
324,1500000US281210205002,01
325,1500000US280870004033,03
326,1500000US280870004041,03
327,1500000US280870005001,03
328,1500000US280870007001,03
329,1500000US280870008002,03
330,1500000US280870008004,03
331,1500000US280890301011,01
332,1500000US280890301014,01
333,1500000US280890301052,01
334,1500000US280890301061,01
335,1500000US280890301063,01
336,1500000US280890301081,01
337,1500000US280890301084,01
338,1500000US280890302021,01
339,1500000US280890302022,01
340,1500000US280890302051,01
341,1500000US280890303012,01
342,1500000US280890305001,03
343,1500000US280890306001,03
344,1500000US280890308001,03
345,1500000US280890310002,03
346,1500000US280919503001,04
347,1500000US280919504002,04
348,1500000US280939501003,02
349,1500000US280939503004,02
350,1500000US280939504023,02
351,1500000US280939505005,02
352,1500000US280959502002,03
353,1500000US280959503001,02
354,1500000US280959504001,02
355,1500000US280330704222,02
356,1500000US280330705201,02
357,1500000US280330705211,02
358,1500000US280330705212,02
359,1500000US280330705221,02
360,1500000US280330705223,02
361,1500000US280330706101,02
362,1500000US280330706201,02
363,1500000US280330706301,02
364,1500000US280330706302,02
365,1500000US280330707101,02
366,1500000US280330707211,02
367,1500000US280330707221,02
368,1500000US280330707222,02
369,1500000US280330708111,02
370,1500000US280330708121,02
371,1500000US280330708122,02
372,1500000US280330708211,02
373,1500000US280330708212,02
374,1500000US280330708222,02
375,1500000US280330708301,02
376,1500000US280330709001,02
377,1500000US280330709002,02
378,1500000US281359504003,02
379,1500000US281379501001,02
380,1500000US281379504001,02
381,1500000US281379504002,02
382,1500000US281379504004,02
383,1500000US281399503001,02
384,1500000US281399503003,02
385,1500000US281399504006,02
386,1500000US281419502002,02
387,1500000US281419504005,02
388,1500000US281439502002,01
389,1500000US281439800001,01
390,1500000US281459503001,02
391,1500000US281459504002,02
392,1500000US281459506001,02
393,1500000US281499501004,01
394,1500000US281499503001,01
395,1500000US281499503003,01
396,1500000US281499505001,01
397,1500000US281499507001,01
398,1500000US281499509022,01
399,1500000US281510001001,01
400,1500000US281510002001,01
401,1500000US281510004002,01
402,1500000US281510004004,01
403,1500000US281510006005,01
404,1500000US281510007011,01
405,1500000US281510007012,01
406,1500000US281510007013,01
407,1500000US281510007021,01
408,1500000US281510007023,01
409,1500000US281510009003,01
410,1500000US281510011001,01
411,1500000US281510012003,01
412,1500000US281510014002,01
413,1500000US281510016001,01
414,1500000US281510017001,01
415,1500000US281510021001,01
416,1500000US281539502002,04
417,1500000US281559501003,02
418,1500000US281559503001,00
419,1500000US281579501001,01
420,1500000US281579502001,01
421,1500000US281579502004,01
422,1500000US281599503001,03
423,1500000US281599503003,03
424,1500000US281599504002,03
425,1500000US281619501003,02
426,1500000US281619503002,02
427,1500000US281639502001,01
428,1500000US281639502003,01
429,1500000US281639503004,01
430,1500000US281639504002,01
431,1500000US280330704122,02
432,1500000US280330704123,02
433,1500000US280330704211,02
434,1500000US280330704221,02
435,1500000US280350007001,03
436,1500000US280350007002,03
437,1500000US280350007003,03
438,1500000US280350008002,03
439,1500000US280350008003,03
440,1500000US280350008004,03
441,1500000US280350009002,03
442,1500000US280350009003,03
443,1500000US280350010001,03
444,1500000US280350010002,03
445,1500000US280350011001,03
446,1500000US280350011002,03
447,1500000US280350101011,04
448,1500000US280350101012,04
449,1500000US280350101021,03
450,1500000US280350101022,03
451,1500000US280350101023,03
452,1500000US280350102001,03
453,1500000US280350102003,03
454,1500000US280350102004,03
455,1500000US280350107002,03
456,1500000US280379501001,01
457,1500000US280379501002,04
458,1500000US280379501003,04
459,1500000US280379501004,01
460,1500000US280379501005,01
461,1500000US280350103001,03
462,1500000US280350103002,03
463,1500000US280350104001,03
464,1500000US280350104002,03
465,1500000US280350104003,03
466,1500000US280350105001,03
467,1500000US280350105002,04
468,1500000US280350105003,03
469,1500000US280350106001,04
470,1500000US280350106002,04
471,1500000US280350106003,04
472,1500000US280350106005,04
473,1500000US280350107001,03
474,1500000US280330710001,02
475,1500000US280330710002,02
476,1500000US280330711101,02
477,1500000US280330711102,02
478,1500000US280330711201,02
479,1500000US280330711202,02
480,1500000US280330711203,02
481,1500000US280330712002,02
482,1500000US280350002001,03
483,1500000US280350002002,03
484,1500000US280350003001,03
485,1500000US280350003002,03
486,1500000US280350003003,03
487,1500000US280350005001,03
488,1500000US280350006002,03
489,1500000US280350006003,03
490,1500000US280350006004,03
491,1500000US280399503012,04
492,1500000US280399503013,04
493,1500000US280399503014,04
494,1500000US280399503021,04
495,1500000US280399503022,04
496,1500000US280419501001,04
497,1500000US280419501003,04
498,1500000US280439501002,02
499,1500000US280439501003,02
500,1500000US280439502001,02
501,1500000US280439502002,02
502,1500000US280439503001,02
503,1500000US280439503002,02
504,1500000US280439503003,02
505,1500000US280439504002,02
506,1500000US280439504003,02
507,1500000US280439505004,02
508,1500000US280450301001,04
509,1500000US280450301003,04
510,1500000US280450301004,04
511,1500000US280450301005,04
512,1500000US280419501004,04
513,1500000US280419502001,04
514,1500000US280419502002,04
515,1500000US280419502003,04
516,1500000US280419502004,04
517,1500000US280419502005,04
518,1500000US280439501001,02
519,1500000US280379502001,01
520,1500000US280379502002,01
521,1500000US280379502003,01
522,1500000US280399501011,04
523,1500000US280399501013,04
524,1500000US280399501021,04
525,1500000US280399501022,04
526,1500000US280399502001,04
527,1500000US280399502002,04
528,1500000US280399503011,04
529,1500000US280450306011,04
530,1500000US280450306012,04
531,1500000US280450306013,04
532,1500000US280450306021,04
533,1500000US280450306022,04
534,1500000US280450306023,04
535,1500000US280470001001,04
536,1500000US280470003001,04
537,1500000US280470003003,04
538,1500000US280470006001,04
539,1500000US280470006003,04
540,1500000US280470009001,04
541,1500000US280470009002,04
542,1500000US280470012012,04
543,1500000US280470012013,04
544,1500000US280470012021,04
545,1500000US280470012023,04
546,1500000US280470012024,04
547,1500000US280470013001,04
548,1500000US280470013003,04
549,1500000US280470014001,04
550,1500000US280470027001,04
551,1500000US280470027002,04
552,1500000US280470027004,04
553,1500000US280470028001,04
554,1500000US280470028002,04
555,1500000US280470029001,04
556,1500000US280470029002,04
557,1500000US280470030001,04
558,1500000US280470030002,04
559,1500000US280470031011,04
560,1500000US280470031012,04
561,1500000US280470031014,04
562,1500000US280470031021,04
563,1500000US280470031022,04
564,1500000US280470031023,04
565,1500000US280470032043,04
566,1500000US280470032051,04
567,1500000US280470032053,04
568,1500000US280470032061,04
569,1500000US280470014003,04
570,1500000US280470014004,04
571,1500000US280470015011,04
572,1500000US280470015021,04
573,1500000US280470015022,04
574,1500000US280470015023,04
575,1500000US280470016001,04
576,1500000US280470016003,04
577,1500000US280470016004,04
578,1500000US280470017001,04
579,1500000US280470017003,04
580,1500000US280470017004,04
581,1500000US280470017005,04
582,1500000US280470018002,04
583,1500000US280470018003,04
584,1500000US280470019001,04
585,1500000US280470019002,04
586,1500000US280470020001,04
587,1500000US280470020002,04
588,1500000US280470020003,04
589,1500000US280470023002,04
590,1500000US280470023003,04
591,1500000US280470024001,04
592,1500000US280470024002,04
593,1500000US280470025001,04
594,1500000US280470026001,04
595,1500000US280470026003,04
596,1500000US280450302001,04
597,1500000US280450302003,04
598,1500000US280450302004,04
599,1500000US280450302005,04
600,1500000US280450303001,04
601,1500000US280450303002,04
602,1500000US280450303003,04
603,1500000US280450303004,04
604,1500000US280450303005,04
605,1500000US280450303007,04
606,1500000US280450303008,04
607,1500000US280450304001,04
608,1500000US280450304002,04
609,1500000US280450304003,04
610,1500000US280450305002,04
611,1500000US280450305003,04
612,1500000US280470037001,04
613,1500000US280470037002,04
614,1500000US280470038001,04
615,1500000US280470038002,04
616,1500000US280470039002,04
617,1500000US280470039003,04
618,1500000US280470039004,04
619,1500000US280470039005,04
620,1500000US280479800001,04
621,1500000US280490001001,01
622,1500000US280490001002,01
623,1500000US280490001004,01
624,1500000US280490002001,01
625,1500000US280490002002,01
626,1500000US280490002004,01
627,1500000US280490002005,01
628,1500000US280490003012,01
629,1500000US280490003021,01
630,1500000US280490003022,01
631,1500000US280490003024,01
632,1500000US280490004001,01
633,1500000US280490004003,01
634,1500000US280490005001,01
635,1500000US280490005002,01
636,1500000US280490005003,01
637,1500000US280490005005,01
638,1500000US280490006001,01
639,1500000US280490006002,01
640,1500000US280490006004,01
641,1500000US280490007001,01
642,1500000US280490007002,01
643,1500000US280490007003,01
644,1500000US280490007005,01
645,1500000US280490008001,01
646,1500000US280470032062,04
647,1500000US280470032063,04
648,1500000US280470032072,04
649,1500000US280470032073,04
650,1500000US280470032081,04
651,1500000US280470032082,04
652,1500000US280470033011,04
653,1500000US280470033012,04
654,1500000US280470033013,04
655,1500000US280470033015,04
656,1500000US280470033016,04
657,1500000US280470033031,04
658,1500000US280470033032,04
659,1500000US280470033033,04
660,1500000US280470033041,04
661,1500000US280470033042,04
662,1500000US280470034021,04
663,1500000US280470034022,04
664,1500000US280470034023,04
665,1500000US280470034031,04
666,1500000US280470034042,04
667,1500000US280470034043,04
668,1500000US280470034044,04
669,1500000US280470035011,04
670,1500000US280470035012,04
671,1500000US280470035014,04
672,1500000US280470035022,04
673,1500000US280470035023,04
674,1500000US280470035041,04
675,1500000US280470035043,04
676,1500000US280470035052,04
677,1500000US280470035053,04
678,1500000US280470036002,00
679,1500000US280490027002,01
680,1500000US280490030002,01
681,1500000US280490030003,01
682,1500000US280490032001,01
683,1500000US280490032002,01
684,1500000US280490033002,01
685,1500000US280490033003,01
686,1500000US280490033004,01
687,1500000US280490033006,01
688,1500000US280490034001,01
689,1500000US280490035001,01
690,1500000US280490035002,01
691,1500000US280490035004,01
692,1500000US280490036001,01
693,1500000US280490036002,01
694,1500000US280490037001,01
695,1500000US280490037003,01
696,1500000US280490038001,01
697,1500000US280490038002,01
698,1500000US280490101012,01
699,1500000US280490101013,01
700,1500000US280490101014,01
701,1500000US280490101021,01
702,1500000US280490101022,01
703,1500000US280490101024,01
704,1500000US280490101025,01
705,1500000US280490102011,01
706,1500000US280490102021,01
707,1500000US280490102022,01
708,1500000US280490102023,01
709,1500000US280490102025,01
710,1500000US280490102031,01
711,1500000US280010003001,01
712,1500000US280010003003,01
713,1500000US280010004001,01
714,1500000US280010004002,01
715,1500000US280010004003,01
716,1500000US280010005001,01
717,1500000US280010005003,01
718,1500000US280010005004,01
719,1500000US280010005005,01
720,1500000US280010006001,01
721,1500000US280010006002,01
722,1500000US280010006003,01
723,1500000US280010007002,01
724,1500000US280010008001,01
725,1500000US280010008002,01
726,1500000US280010008003,01
727,1500000US280010009001,01
728,1500000US280010009002,01
729,1500000US280490102032,01
730,1500000US280490103011,01
731,1500000US280490103012,01
732,1500000US280490103041,01
733,1500000US280490103043,01
734,1500000US280490103051,01
735,1500000US280490103052,01
736,1500000US280490104001,01
737,1500000US280010001002,01
738,1500000US280010001003,01
739,1500000US280010001004,01
740,1500000US280010002001,01
741,1500000US280010002002,01
742,1500000US280490008002,01
743,1500000US280490008004,01
744,1500000US280490008005,01
745,1500000US280490009001,01
746,1500000US280490010001,01
747,1500000US280490010002,01
748,1500000US280490011001,01
749,1500000US280490012001,01
750,1500000US280490012002,01
751,1500000US280490013001,01
752,1500000US280490013002,01
753,1500000US280490014001,01
754,1500000US280490014002,01
755,1500000US280490015001,01
756,1500000US280490015002,01
757,1500000US280490016001,01
758,1500000US280490016002,01
759,1500000US280490016004,01
760,1500000US280490019001,01
761,1500000US280490019002,01
762,1500000US280490020002,01
763,1500000US280490021001,01
764,1500000US280490021002,01
765,1500000US280490021004,01
766,1500000US280490022001,01
767,1500000US280490022002,01
768,1500000US280490023001,01
769,1500000US280490024002,01
770,1500000US280490024003,01
771,1500000US280490025001,01
772,1500000US280490027001,01
773,1500000US280039505003,02
774,1500000US280039505004,02
775,1500000US280039506001,02
776,1500000US280039506002,02
777,1500000US280039507001,02
778,1500000US280039507002,02
779,1500000US280039507003,02
780,1500000US280059501001,04
781,1500000US280059501002,04
782,1500000US280059501003,04
783,1500000US280059501005,04
784,1500000US280070601001,02
785,1500000US280070601002,02
786,1500000US280070602002,03
787,1500000US280070603001,03
788,1500000US280070603002,03
789,1500000US280059502001,04
790,1500000US280059502002,01
791,1500000US280059502003,01
792,1500000US280059503001,04
793,1500000US280059503003,04
794,1500000US280059503004,01
795,1500000US280059503005,01
796,1500000US280010009004,01
797,1500000US280039501001,02
798,1500000US280039501002,02
799,1500000US280039501003,02
800,1500000US280039502001,02
801,1500000US280039502002,02
802,1500000US280039502003,02
803,1500000US280039502005,02
804,1500000US280039502006,02
805,1500000US280039503001,02
806,1500000US280039503002,02
807,1500000US280039504001,02
808,1500000US280039504002,02
809,1500000US280039504003,02
810,1500000US280039504004,02
811,1500000US280039505001,02
812,1500000US280099501003,02
813,1500000US280099501004,02
814,1500000US280099501005,02
815,1500000US280099502001,02
816,1500000US280099502002,02
817,1500000US280119501001,01
818,1500000US280119501003,01
819,1500000US280119502001,01
820,1500000US280119507012,00
821,1500000US280119507021,01
822,1500000US280119507022,01
823,1500000US280139501001,02
824,1500000US280139501002,02
825,1500000US280139501003,02
826,1500000US280139502001,02
827,1500000US280139503001,02
828,1500000US280139503002,02
829,1500000US280139503003,02
830,1500000US280119502002,01
831,1500000US280119503001,01
832,1500000US280119503002,01
833,1500000US280119503003,01
834,1500000US280119503004,01
835,1500000US280119504001,01
836,1500000US280119504002,01
837,1500000US280119504003,01
838,1500000US280119504005,01
839,1500000US280119505001,01
840,1500000US280119505002,01
841,1500000US280119505003,01
842,1500000US280119506002,01
843,1500000US280119506003,01
844,1500000US280119506004,01
845,1500000US280119507011,01
846,1500000US280070603003,03
847,1500000US280070604001,02
848,1500000US280070604002,02
849,1500000US280070604003,02
850,1500000US280070605003,03
851,1500000US280070606001,03
852,1500000US280070606002,03
853,1500000US280070606003,03
854,1500000US280099501001,02
855,1500000US280099501002,02
856,1500000US280179504001,02
857,1500000US280179504002,02
858,1500000US280179504004,02
859,1500000US280179504005,02
860,1500000US280199501001,02
861,1500000US280199501002,02
862,1500000US280199501003,02
863,1500000US280199502001,02
864,1500000US280199502002,02
865,1500000US280139504002,02
866,1500000US280139504003,02
867,1500000US280139505001,02
868,1500000US280139505002,02
869,1500000US280139505003,02
870,1500000US280159501001,02
871,1500000US280159501002,02
872,1500000US280159501003,02
873,1500000US280159501004,02
874,1500000US280159502001,02
875,1500000US280159502002,02
876,1500000US280159502003,02
877,1500000US280159502005,02
878,1500000US280179501001,02
879,1500000US280179501004,02
880,1500000US280179502001,02
881,1500000US280179502002,02
882,1500000US280179503001,02
883,1500000US280179503002,02
884,1500000US280179503003,02
885,1500000US280179503004,02
886,1500000US280219503004,01
887,1500000US280239501001,04
888,1500000US280239501002,04
889,1500000US280239501003,04
890,1500000US280239501004,04
891,1500000US280239501005,04
892,1500000US280239502002,03
893,1500000US280239502003,03
894,1500000US280259501003,02
895,1500000US280259502001,02
896,1500000US280259502002,02
897,1500000US280259503003,03
898,1500000US280259504001,03
899,1500000US280259504002,03
900,1500000US280259504003,03
901,1500000US280259504004,03
902,1500000US280259505001,03
903,1500000US280259505002,03
904,1500000US280239502004,03
905,1500000US280239503001,03
906,1500000US280239503002,03
907,1500000US280239503004,03
908,1500000US280239504001,03
909,1500000US280239504002,03
910,1500000US280239504003,03
911,1500000US280259501001,02
912,1500000US280259501002,02
913,1500000US280199502003,03
914,1500000US280199503001,03
915,1500000US280199503002,03
916,1500000US280219501003,01
917,1500000US280219502001,01
918,1500000US280219502002,01
919,1500000US280219503001,01
920,1500000US280219503002,01
921,1500000US280219503003,01
922,1500000US280279503003,01
923,1500000US280279504002,01
924,1500000US280279504003,01
925,1500000US280279504004,01
926,1500000US280279505002,01
927,1500000US280279505003,01
928,1500000US280279505004,01
929,1500000US280279506001,01
930,1500000US280279507001,01
931,1500000US280279507003,01
932,1500000US280279507004,01
933,1500000US280279507005,01
934,1500000US280299501001,03
935,1500000US280299501002,03
936,1500000US280299501004,03
937,1500000US280299501005,03
938,1500000US280299502001,03
939,1500000US280299502002,03
940,1500000US280299502003,03
941,1500000US280299502004,03
942,1500000US280299505002,03
943,1500000US280299505003,03
944,1500000US280299505004,03
945,1500000US280299506001,03
946,1500000US280299506002,01
947,1500000US280299502005,03
948,1500000US280299503001,01
949,1500000US280299503002,01
950,1500000US280299503003,01
951,1500000US280299504003,03
952,1500000US280299504004,03
953,1500000US280299505001,03
954,1500000US280259505003,03
955,1500000US280279501001,01
956,1500000US280279501003,01
957,1500000US280279501004,01
958,1500000US280279502001,01
959,1500000US280279502002,01
960,1500000US280279503001,01
961,1500000US280279503002,01
962,1500000US280319504003,03
963,1500000US280319504004,03
964,1500000US280330701012,02
965,1500000US280330701021,02
966,1500000US280330702101,02
967,1500000US280330702211,02
968,1500000US280330702212,02
969,1500000US280330702221,02
970,1500000US280330703101,02
971,1500000US280330703221,02
972,1500000US280330703222,02
973,1500000US280330703231,02
974,1500000US280330703232,02
975,1500000US280590408001,04
976,1500000US280590409001,04
977,1500000US280590409002,04
978,1500000US280590409003,04
979,1500000US280590410002,04
980,1500000US280590410003,04
981,1500000US280590421004,00
982,1500000US280590422001,04
983,1500000US280590422002,04
984,1500000US280590422003,04
985,1500000US280590425001,04
986,1500000US280590425002,04
987,1500000US280590425003,04
988,1500000US280590426002,04
989,1500000US280590426003,04
990,1500000US280590427001,04
991,1500000US280590427002,04
992,1500000US280590429001,04
993,1500000US280590429003,04
994,1500000US280619501001,03
995,1500000US280619501002,03
996,1500000US280590410004,04
997,1500000US280590411001,04
998,1500000US280590411003,04
999,1500000US280590411004,04
1000,1500000US280590411005,04
1001,1500000US280590413001,04
1002,1500000US280590413002,04
1003,1500000US280590413004,04
1004,1500000US280590413005,04
1005,1500000US280590413006,04
1006,1500000US280590414002,04
1007,1500000US280590414003,04
1008,1500000US280590414004,04
1009,1500000US280590415001,04
1010,1500000US280590416001,04
1011,1500000US280590417001,04
1012,1500000US280590417002,04
1013,1500000US280590418002,04
1014,1500000US280590418003,04
1015,1500000US280590419001,04
1016,1500000US280590419002,04
1017,1500000US280590420001,04
1018,1500000US280590420002,04
1019,1500000US280590420004,04
1020,1500000US280590421001,00
1021,1500000US280590421002,04
1022,1500000US280319501001,03
1023,1500000US280319501002,03
1024,1500000US280319501003,03
1025,1500000US280319502002,03
1026,1500000US280319503001,03
1027,1500000US280319503002,03
1028,1500000US280319503003,03
1029,1500000US280319503004,03
1030,1500000US280319504001,03
1031,1500000US280319504002,03
1032,1500000US280679508004,03
1033,1500000US280679508005,03
1034,1500000US280679509001,03
1035,1500000US280679509002,03
1036,1500000US280679509003,03
1037,1500000US280679509004,03
1038,1500000US280679510001,03
1039,1500000US280679510002,03
1040,1500000US280679510003,03
1041,1500000US280679511001,03
1042,1500000US280679511002,03
1043,1500000US280679511003,03
1044,1500000US280839504003,01
1045,1500000US280839506001,01
1046,1500000US280839506003,01
1047,1500000US280839506004,01
1048,1500000US280839506006,01
1049,1500000US280839507001,01
1050,1500000US280839507002,01
1051,1500000US280839508001,01
1052,1500000US280839508002,01
1053,1500000US280839508003,01
1054,1500000US280839509001,01
1055,1500000US280839509002,01
1056,1500000US280839509004,01
1057,1500000US280859501001,03
1058,1500000US280859501002,03
1059,1500000US280859501003,03
1060,1500000US280859501004,03
1061,1500000US280859502001,03
1062,1500000US280859502002,01
1063,1500000US280719505015,02
1064,1500000US280719505021,02
1065,1500000US280719505022,02
1066,1500000US280719505031,02
1067,1500000US280719505032,02
1068,1500000US280730201001,03
1069,1500000US280730201002,04
1070,1500000US280730201003,04
1071,1500000US280730201004,04
1072,1500000US280730202012,04
1073,1500000US280730202021,03
1074,1500000US280730202022,04
1075,1500000US280779601004,03
1076,1500000US280779602001,03
1077,1500000US280779602002,03
1078,1500000US280779602003,03
1079,1500000US280779603001,03
1080,1500000US280779603002,04
1081,1500000US280779603003,04
1082,1500000US280790401001,02
1083,1500000US280679508003,03
1084,1500000US280679511004,03
1085,1500000US280790401003,02
1086,1500000US280490105001,01
1087,1500000US280490105002,01
1088,1500000US280490105003,01
1089,1500000US280490105004,01
1090,1500000US280490105006,01
1091,1500000US280490106001,01
1092,1500000US280859502003,03
1093,1500000US280490106003,01
1094,1500000US280490107001,01
1095,1500000US280490107002,01
1096,1500000US280490107003,01
1097,1500000US280490108012,01
1098,1500000US280490108051,01
1099,1500000US280490108061,01
1100,1500000US280490108062,01
1101,1500000US280490108071,01
1102,1500000US280490108072,01
1103,1500000US280490108082,01
1104,1500000US280490108083,01
1105,1500000US280490108091,01
1106,1500000US280490109012,01
1107,1500000US280490109021,01
1108,1500000US280490109023,01
1109,1500000US280730202023,03
1110,1500000US280490110012,01
1111,1500000US280490110021,01
1112,1500000US280490110022,01
1113,1500000US280490111012,01
1114,1500000US280490111021,01
1115,1500000US280490111023,01
1116,1500000US280490111024,01
1117,1500000US280490111031,01
1118,1500000US280490111032,01
1119,1500000US280490112011,01
1120,1500000US280490112012,01
1121,1500000US280490112021,01
1122,1500000US280490112022,01
1123,1500000US280490112024,01
1124,1500000US280790401002,02
1125,1500000US280490113002,01
1126,1500000US280490113003,01
1127,1500000US280490115001,01
1128,1500000US280490115002,01
1129,1500000US280519501001,03
1130,1500000US280519501002,03
1131,1500000US280519501003,03
1132,1500000US280519501005,03
1133,1500000US280519502001,03
1134,1500000US280519502002,03
1135,1500000US280490106002,01
1136,1500000US280519503001,01
1137,1500000US280519503003,01
1138,1500000US280519504001,01
1139,1500000US280519504002,03
1140,1500000US280519504003,03
1141,1500000US280519505001,03
1142,1500000US280490110011,01
1143,1500000US280519505004,03
1144,1500000US280539501001,01
1145,1500000US280539501002,01
1146,1500000US280539501003,01
1147,1500000US280539502001,01
1148,1500000US280539502002,01
1149,1500000US280539503001,01
1150,1500000US280539503002,01
1151,1500000US280539503003,01
1152,1500000US280559501001,01
1153,1500000US280490113001,01
1154,1500000US280579501001,02
1155,1500000US280579501002,02
1156,1500000US280579501003,02
1157,1500000US280579501004,02
1158,1500000US280579502002,02
1159,1500000US280579502003,02
1160,1500000US280579502004,02
1161,1500000US280579503001,02
1162,1500000US280579503003,02
1163,1500000US280519502004,03
1164,1500000US280579504002,02
1165,1500000US280579504003,02
1166,1500000US280579504004,02
1167,1500000US280579505001,02
1168,1500000US280579505002,02
1169,1500000US280590401011,04
1170,1500000US280590401012,04
1171,1500000US280519505003,03
1172,1500000US280590401014,04
1173,1500000US280590401021,04
1174,1500000US280590401022,04
1175,1500000US280590401023,04
1176,1500000US280590401024,04
1177,1500000US280590402011,04
1178,1500000US280590402012,04
1179,1500000US280559501002,01
1180,1500000US280590402031,04
1181,1500000US280590402032,04
1182,1500000US280590402041,04
1183,1500000US280590402042,04
1184,1500000US280590403001,04
1185,1500000US280590403002,04
1186,1500000US280590403003,04
1187,1500000US280590403004,04
1188,1500000US280590404001,04
1189,1500000US280590404002,04
1190,1500000US280590404003,04
1191,1500000US280590405001,04
1192,1500000US280590405003,04
1193,1500000US280590405004,04
1194,1500000US280590406001,04
1195,1500000US280590406002,04
1196,1500000US280590406004,04
1197,1500000US280590406005,04
1198,1500000US280579504001,02
1199,1500000US280590407002,04
1200,1500000US280590407004,04
1201,1500000US280959505011,03
1202,1500000US280959505012,03
1203,1500000US280959505021,02
1204,1500000US280959505022,03
1205,1500000US281099501002,04
1206,1500000US281099501003,04
1207,1500000US281099501004,04
1208,1500000US281099502001,04
1209,1500000US281099502002,04
1210,1500000US281099502003,04
1211,1500000US281099503001,04
1212,1500000US280590402014,04
1213,1500000US281299503003,03
1214,1500000US281299503004,03
1215,1500000US281299503005,03
1216,1500000US281310201001,04
1217,1500000US281310201003,04
1218,1500000US281310202011,04
1219,1500000US281310202012,04
1220,1500000US281310202013,04
1221,1500000US281310202021,04
1222,1500000US281310202022,04
1223,1500000US281339501001,01
1224,1500000US280590407001,04
1225,1500000US280959506003,03
1226,1500000US280959507001,03
1227,1500000US280959508001,03
1228,1500000US280959508002,03
1229,1500000US280959508004,03
1230,1500000US280979501001,02
1231,1500000US280979501002,02
1232,1500000US280979501003,00
1233,1500000US280979502001,02
1234,1500000US280979502002,02
1235,1500000US280959506001,03
1236,1500000US281099504011,04
1237,1500000US281099504012,04
1238,1500000US281099504013,04
1239,1500000US281099504014,04
1240,1500000US281099504021,04
1241,1500000US281099504022,04
1242,1500000US281099504023,04
1243,1500000US281210206003,01
1244,1500000US280590401013,04
1245,1500000US281339501003,01
1246,1500000US281339501004,01
1247,1500000US281339501005,01
1248,1500000US281339501006,01
1249,1500000US281339502001,01
1250,1500000US281339502003,01
1251,1500000US281339502004,01
1252,1500000US281339503002,01
1253,1500000US281339503003,01
1254,1500000US281339504011,01
1255,1500000US281339504012,01
1256,1500000US280979502003,02
1257,1500000US280979503001,02
1258,1500000US280979503003,02
1259,1500000US280979503004,02
1260,1500000US280979503005,02
1261,1500000US280990101001,03
1262,1500000US280990101002,03
1263,1500000US280990101003,03
1264,1500000US280990101004,03
1265,1500000US280990102001,02
1266,1500000US280990102002,03
1267,1500000US281210206004,01
1268,1500000US281210207011,01
1269,1500000US281210207041,01
1270,1500000US281210207042,01
1271,1500000US281210207043,01
1272,1500000US281210207044,01
1273,1500000US281210208011,01
1274,1500000US281210208021,01
1275,1500000US281210208022,01
1276,1500000US281210208023,01
1277,1500000US281210208024,01
1278,1500000US281210208025,01
1279,1500000US281210208031,01
1280,1500000US281210209001,03
1281,1500000US281210209002,03
1282,1500000US281210209003,03
1283,1500000US281339504014,01
1284,1500000US281339504021,01
1285,1500000US281339504022,01
1286,1500000US281339505001,01
1287,1500000US281339505002,01
1288,1500000US281339505003,01
1289,1500000US281339506001,01
1290,1500000US281339506002,01
1291,1500000US281359501001,02
1292,1500000US281359501002,02
1293,1500000US281359501003,01
1294,1500000US280990102003,02
1295,1500000US280990104002,03
1296,1500000US280990104004,03
1297,1500000US280990105001,03
1298,1500000US280990105002,03
1299,1500000US280990105003,03
1300,1500000US280990106001,03
1301,1500000US280990106002,03
1302,1500000US280990106003,03
1303,1500000US280990106004,03
1304,1500000US280990106005,03
1305,1500000US280990107001,03
1306,1500000US281210209004,03
1307,1500000US281210210012,01
1308,1500000US281210210021,01
1309,1500000US281210210022,01
1310,1500000US281210210023,01
1311,1500000US281210210024,01
1312,1500000US281210210032,01
1313,1500000US281219800001,01
1314,1500000US281230201001,02
1315,1500000US281359502002,02
1316,1500000US281359502003,02
1317,1500000US281359503001,01
1318,1500000US281359503003,01
1319,1500000US281359504001,01
1320,1500000US281099505021,04
1321,1500000US281099505022,04
1322,1500000US281099505023,04
1323,1500000US281099506002,04
1324,1500000US281099506003,04
1325,1500000US281099506004,04
1326,1500000US281099507001,04
1327,1500000US281099507002,04
1328,1500000US281099507004,04
1329,1500000US280990107002,02
1330,1500000US280999401001,03
1331,1500000US280999401002,02
1332,1500000US281010501001,03
1333,1500000US281010501002,03
1334,1500000US281010501003,03
1335,1500000US281010502001,03
1336,1500000US281010502002,03
1337,1500000US281010502003,02
1338,1500000US281230201002,02
1339,1500000US281230201003,02
1340,1500000US281230201004,02
1341,1500000US281230201005,02
1342,1500000US281230202001,02
1343,1500000US281230202002,02
1344,1500000US281230202004,03
1345,1500000US281230203001,03
1346,1500000US281230203002,03
1347,1500000US281119501011,04
1348,1500000US281119501012,04
1349,1500000US281119501013,04
1350,1500000US281119501014,04
1351,1500000US281119501021,04
1352,1500000US281119501022,04
1353,1500000US281119501023,04
1354,1500000US281119502001,04
1355,1500000US281119502002,04
1356,1500000US281010503002,03
1357,1500000US281010503003,02
1358,1500000US281010503004,02
1359,1500000US281010503005,03
1360,1500000US281010504001,03
1361,1500000US281010504003,03
1362,1500000US281010504004,03
1363,1500000US281010504005,03
1364,1500000US281010505001,03
1365,1500000US281010505002,03
1366,1500000US281010505003,03
1367,1500000US281039501001,03
1368,1500000US281230203003,03
1369,1500000US281230204001,00
1370,1500000US281230204003,03
1371,1500000US281230205001,02
1372,1500000US281230205002,00
1373,1500000US281230205003,02
1374,1500000US281230205004,02
1375,1500000US281230206001,02
1376,1500000US281230206002,03
1377,1500000US281230206003,03
1378,1500000US281259501002,01
1379,1500000US281259501003,01
1380,1500000US281119502003,04
1381,1500000US281139501012,04
1382,1500000US281139501013,04
1383,1500000US281139501021,04
1384,1500000US281139501022,04
1385,1500000US281139502001,04
1386,1500000US281139502003,04
1387,1500000US281139503001,04
1388,1500000US281139503002,04
1389,1500000US281139503003,04
1390,1500000US281139503005,04
1391,1500000US281139504001,04
1392,1500000US281139504002,04
1393,1500000US281139505001,04
1394,1500000US281139505002,04
1395,1500000US281039501002,03
1396,1500000US281039501003,03
1397,1500000US281039501004,03
1398,1500000US281039501005,03
1399,1500000US281039502002,03
1400,1500000US281039502003,03
1401,1500000US281039503001,03
1402,1500000US281039503002,03
1403,1500000US281259501004,01
1404,1500000US281259502001,01
1405,1500000US281279501001,03
1406,1500000US281279501002,03
1407,1500000US281279501003,03
1408,1500000US281279501004,03
1409,1500000US281279501005,03
1410,1500000US281279502001,03
1411,1500000US281279502003,03
1412,1500000US281279502004,03
1413,1500000US281279503001,03
1414,1500000US281159501021,02
1415,1500000US281159501022,02
1416,1500000US281159501023,02
1417,1500000US281159502001,02
1418,1500000US281159502003,02
1419,1500000US281159503001,02
1420,1500000US281159503002,02
1421,1500000US281159503003,02
1422,1500000US281159503004,02
1423,1500000US281159504001,02
1424,1500000US281159504002,02
1425,1500000US281159504003,02
1426,1500000US281159505001,02
1427,1500000US281059501001,03
1428,1500000US281059501002,03
1429,1500000US281059501003,03
1430,1500000US281059502001,03
1431,1500000US281059502003,02
1432,1500000US281059502004,02
1433,1500000US281059503002,03
1434,1500000US281059504001,03
1435,1500000US281059504002,03
1436,1500000US281059504003,03
1437,1500000US281059504004,03
1438,1500000US281059505002,03
1439,1500000US281059505003,03
1440,1500000US281059505004,03
1441,1500000US281059506011,03
1442,1500000US281059506021,03
1443,1500000US281059506022,03
1444,1500000US281059506023,03
1445,1500000US281279503002,01
1446,1500000US281279503003,03
1447,1500000US281279503004,03
1448,1500000US281279504002,03
1449,1500000US281279504003,03
1450,1500000US281279504004,03
1451,1500000US281279504005,03
1452,1500000US281279504006,03
1453,1500000US281139505004,04
1454,1500000US281139505005,04
1455,1500000US281139505007,04
1456,1500000US281139506001,04
1457,1500000US281139506002,04
1458,1500000US281139506003,04
1459,1500000US281139506004,04
1460,1500000US281139507001,04
1461,1500000US281139507002,04
1462,1500000US281139507003,04
1463,1500000US281139507004,04
1464,1500000US281159501012,02
1465,1500000US281159501013,02
1466,1500000US281059507001,03
1467,1500000US281059507002,03
1468,1500000US281059507003,03
1469,1500000US281059507004,03
1470,1500000US281079501001,02
1471,1500000US281079501002,02
1472,1500000US281079501003,02
1473,1500000US281079501004,02
1474,1500000US281079502002,02
1475,1500000US281079503001,02
1476,1500000US281079503002,02
1477,1500000US281279504007,03
1478,1500000US281279504008,03
1479,1500000US281279505002,03
1480,1500000US281279505003,03
1481,1500000US281279505004,03
1482,1500000US281299501001,03
1483,1500000US281299501002,03
1484,1500000US281299501003,03
1485,1500000US281299501004,03
1486,1500000US281159505002,02
1487,1500000US281179501001,02
1488,1500000US281179501002,02
1489,1500000US281179501003,02
1490,1500000US281179501004,02
1491,1500000US281179501005,02
1492,1500000US281179502001,02
1493,1500000US281179502002,02
1494,1500000US281179502003,02
1495,1500000US281179502004,02
1496,1500000US281079503003,02
1497,1500000US281079504001,02
1498,1500000US281079504002,02
1499,1500000US281079504003,02
1500,1500000US281079505001,02
1501,1500000US281079505003,02
1502,1500000US281079505004,02
1503,1500000US281079506002,02
1504,1500000US281079506003,02
1505,1500000US281079506005,02
1506,1500000US281099501001,04
1507,1500000US281299502001,03
1508,1500000US281299502002,03
1509,1500000US281299502003,03
1510,1500000US281299502004,03
1511,1500000US281299502005,03
1512,1500000US281299503001,03
1513,1500000US281299503002,03
1514,1500000US280619501003,03
1515,1500000US280619502002,03
1516,1500000US280619503001,03
1517,1500000US280619503002,03
1518,1500000US280619503003,03
1519,1500000US280619503004,03
1520,1500000US280619504001,03
1521,1500000US280619504002,03
1522,1500000US280619504003,03
1523,1500000US280690301001,03
1524,1500000US280790404002,03
1525,1500000US280790404003,02
1526,1500000US280790404004,02
1527,1500000US280790405001,03
1528,1500000US280790405002,03
1529,1500000US280790405003,02
1530,1500000US280790406001,03
1531,1500000US280859502004,04
1532,1500000US280859503001,03
1533,1500000US280859503002,03
1534,1500000US280859503003,04
1535,1500000US280859503004,04
1536,1500000US280859504002,04
1537,1500000US280859504003,04
1538,1500000US280859504004,03
1539,1500000US280859505002,03
1540,1500000US280859505003,03
1541,1500000US280859505005,03
1542,1500000US280859506001,03
1543,1500000US280859506002,03
1544,1500000US280859506003,03
1545,1500000US280730203011,04
1546,1500000US280730203013,03
1547,1500000US280730203014,03
1548,1500000US280730203021,03
1549,1500000US280730203023,03
1550,1500000US280730204001,04
1551,1500000US280730204002,04
1552,1500000US280730204003,04
1553,1500000US280730204004,04
1554,1500000US280730204005,04
1555,1500000US280730205001,04
1556,1500000US280730205002,04
1557,1500000US280730205003,04
1558,1500000US280639501001,01
1559,1500000US280639501002,01
1560,1500000US280639501003,01
1561,1500000US280639501004,01
1562,1500000US280639501005,01
1563,1500000US280790406002,03
1564,1500000US280790406004,03
1565,1500000US280790407001,03
1566,1500000US280790407002,03
1567,1500000US280790407003,03
1568,1500000US280819501011,02
1569,1500000US280819501012,02
1570,1500000US280819501021,02
1571,1500000US280819501022,02
1572,1500000US280819501023,02
1573,1500000US280819502011,03
1574,1500000US280819502012,03
1575,1500000US280819502013,03
1576,1500000US280859506004,03
1577,1500000US280870001011,03
1578,1500000US280870001012,03
1579,1500000US280870001013,02
1580,1500000US280870001021,03
1581,1500000US280870001022,03
1582,1500000US280870002001,03
1583,1500000US280870003001,03
1584,1500000US280870003003,03
1585,1500000US280870003004,03
1586,1500000US280870003005,03
1587,1500000US280730206001,04
1588,1500000US280730206002,04
1589,1500000US280730206003,04
1590,1500000US280750002003,03
1591,1500000US280750003001,03
1592,1500000US280750003003,03
1593,1500000US280750004001,03
1594,1500000US280750004002,03
1595,1500000US280750004003,03
1596,1500000US280750004005,03
1597,1500000US280750006001,03
1598,1500000US280750006002,03
1599,1500000US280750006003,03
1600,1500000US280750007002,03
1601,1500000US280750007003,03
1602,1500000US280750007004,03
1603,1500000US280750008002,03
1604,1500000US280750009001,03
1605,1500000US280750009002,03
1606,1500000US280750009004,00
1607,1500000US280750009005,03
1608,1500000US280750010001,03
1609,1500000US280750010002,03
1610,1500000US280619504004,03
1611,1500000US280639501006,01
1612,1500000US280659501001,03
1613,1500000US280659501002,03
1614,1500000US280659501003,03
1615,1500000US280659501004,03
1616,1500000US280659502011,03
1617,1500000US280659502012,03
1618,1500000US280659502013,03
1619,1500000US280659502022,03
1620,1500000US280659502023,03
1621,1500000US280819502021,02
1622,1500000US280819502022,03
1623,1500000US280819502023,02
1624,1500000US280819503011,02
1625,1500000US280819503012,02
1626,1500000US280819503021,02
1627,1500000US280819503022,02
1628,1500000US280819504011,03
1629,1500000US280819504012,03
1630,1500000US280819504021,03
1631,1500000US280819504023,03
1632,1500000US280819505001,03
1633,1500000US280819505002,03
1634,1500000US280819505003,03
1635,1500000US280819505005,03
1636,1500000US280819506011,03
1637,1500000US280819506012,03
1638,1500000US280870004011,03
1639,1500000US280870004012,03
1640,1500000US280870004013,03
1641,1500000US280870004014,03
1642,1500000US280870004015,03
1643,1500000US280870004031,03
1644,1500000US280870004032,03
1645,1500000US280690301003,03
1646,1500000US280690301004,03
1647,1500000US280750010003,03
1648,1500000US280750011011,03
1649,1500000US280750011012,03
1650,1500000US280750011014,03
1651,1500000US280750011021,03
1652,1500000US280750011022,03
1653,1500000US280750011023,03
1654,1500000US280750102011,04
1655,1500000US280750102012,04
1656,1500000US280750102013,04
1657,1500000US280750102014,03
1658,1500000US280750102021,03
1659,1500000US280750102022,03
1660,1500000US280750102024,03
1661,1500000US280750102025,03
1662,1500000US280750103011,03
1663,1500000US280659502024,03
1664,1500000US280679501001,03
1665,1500000US280679501002,03
1666,1500000US280679501003,03
1667,1500000US280679501005,03
1668,1500000US280679502001,03
1669,1500000US280679502002,03
1670,1500000US280679502003,03
1671,1500000US280679502004,03
1672,1500000US280679503011,03
1673,1500000US280679503012,03
1674,1500000US280679503013,03
1675,1500000US280819506021,03
1676,1500000US280819506023,03
1677,1500000US280819507001,03
1678,1500000US280819507002,03
1679,1500000US280819507003,03
1680,1500000US280819507004,03
1681,1500000US280819508002,03
1682,1500000US280819508003,03
1683,1500000US280819509011,03
1684,1500000US280819509012,03
1685,1500000US280819509022,03
1686,1500000US280819509023,03
1687,1500000US280819510011,03
1688,1500000US280819510012,03
1689,1500000US280819510022,03
1690,1500000US280819511001,03
1691,1500000US280819511002,03
1692,1500000US280819511003,03
1693,1500000US280819511004,03
1694,1500000US280819511006,03
1695,1500000US280819800001,03
1696,1500000US280690302001,03
1697,1500000US280690302002,03
1698,1500000US280690302003,03
1699,1500000US280690302004,03
1700,1500000US280690302005,03
1701,1500000US280719501001,02
1702,1500000US280719501002,02
1703,1500000US280719502021,02
1704,1500000US280719502022,02
1705,1500000US280719502023,02
1706,1500000US280719503011,02
1707,1500000US280750103012,03
1708,1500000US280750103013,03
1709,1500000US280750103021,03
1710,1500000US280750103022,03
1711,1500000US280750103023,03
1712,1500000US280750104001,03
1713,1500000US280750104002,03
1714,1500000US280750105002,03
1715,1500000US280750105003,03
1716,1500000US280750105004,03
1717,1500000US280679503021,03
1718,1500000US280679503022,03
1719,1500000US280679504012,03
1720,1500000US280679504022,03
1721,1500000US280679504023,03
1722,1500000US280679504024,03
1723,1500000US280679505002,03
1724,1500000US280679505003,03
1725,1500000US280679505004,03
1726,1500000US280679506001,03
1727,1500000US280679506002,03
1728,1500000US280679506004,03
1729,1500000US280679506005,03
1730,1500000US280679507001,03
1731,1500000US280679507002,03
1732,1500000US280679507004,03
1733,1500000US280679508001,03
1734,1500000US280679508002,03
1735,1500000US280839501001,01
1736,1500000US280839501002,01
1737,1500000US280839502001,01
1738,1500000US280839502002,01
1739,1500000US280839503001,01
1740,1500000US280839503003,01
1741,1500000US280839503004,01
1742,1500000US280839504001,01
1743,1500000US280839504002,01
1744,1500000US280719503012,02
1745,1500000US280719503014,02
1746,1500000US280719503021,02
1747,1500000US280719503022,02
1748,1500000US280719504011,02
1749,1500000US280719504012,02
1750,1500000US280719504013,02
1751,1500000US280719504021,02
1752,1500000US280719504023,02
1753,1500000US280719505011,02
1754,1500000US280719505012,02
1755,1500000US280719505013,02
1756,1500000US280719505014,02
1757,1500000US280750105005,04
1758,1500000US280750106001,04
1759,1500000US280750106002,04
1760,1500000US280750106003,04
1761,1500000US280750106005,04
1762,1500000US280750107001,03
1763,1500000US280759800001,03
1764,1500000US280779601001,03
1765,1500000US280779601002,03
1766,1500000US280779601003,03
1767,1500000US280890301064,01
1768,1500000US280890301071,01
1769,1500000US280890301072,01
1770,1500000US280890301082,01
1771,1500000US280890301083,01
1772,1500000US280890301085,01
1773,1500000US280890302011,01
1774,1500000US280890302012,01
1775,1500000US280890302013,01
1776,1500000US280890302014,01
1777,1500000US280890302023,01
1778,1500000US280890302031,01
1779,1500000US280890302032,01
1780,1500000US280890302041,01
1781,1500000US280890302042,01
1782,1500000US280890302052,01
1783,1500000US280890302061,01
1784,1500000US280890302062,01
1785,1500000US280890303011,01
1786,1500000US280890303021,01
1787,1500000US280939505004,02
1788,1500000US280959501001,02
1789,1500000US280959501002,02
1790,1500000US280959501003,02
1791,1500000US280959501004,02
1792,1500000US280959502001,02
1793,1500000US280959502003,03
1794,1500000US280959502004,03
1795,1500000US280959502005,03
1796,1500000US280959503002,02
1797,1500000US281459501003,02
1798,1500000US281459502001,02
1799,1500000US281459502002,02
1800,1500000US281459502003,02
1801,1500000US281459503002,02
1802,1500000US281459503003,02
1803,1500000US281459504001,02
1804,1500000US281459504003,02
1805,1500000US281459505001,02
1806,1500000US281459505002,02
1807,1500000US281459505003,02
1808,1500000US281459505004,02
1809,1500000US281459506002,02
1810,1500000US281459506003,02
1811,1500000US281479501001,04
1812,1500000US281510015003,01
1813,1500000US281510015004,01
1814,1500000US281510016002,01
1815,1500000US281510016003,01
1816,1500000US281510017002,01
1817,1500000US281510017003,01
1818,1500000US281510020001,01
1819,1500000US281510020002,01
1820,1500000US281539501001,04
1821,1500000US281539501002,04
1822,1500000US280890301062,01
1823,1500000US280890303022,01
1824,1500000US281539501004,04
1825,1500000US281539502001,04
1826,1500000US281539502003,04
1827,1500000US281539502004,04
1828,1500000US281539502005,04
1829,1500000US281539503001,03
1830,1500000US281539503002,03
1831,1500000US281539503003,04
1832,1500000US281539503004,03
1833,1500000US280959503003,02
1834,1500000US281539504002,04
1835,1500000US281539504003,04
1836,1500000US281539504004,04
1837,1500000US281559501001,02
1838,1500000US281559501002,02
1839,1500000US281559502001,02
1840,1500000US281479501002,04
1841,1500000US281559502003,02
1842,1500000US281559503002,02
1843,1500000US281579501002,01
1844,1500000US281579501003,01
1845,1500000US281579502002,01
1846,1500000US281579502003,01
1847,1500000US281579502005,01
1848,1500000US281539501003,04
1849,1500000US281599501002,03
1850,1500000US281599501003,03
1851,1500000US281599502001,02
1852,1500000US281599502002,02
1853,1500000US281599502003,02
1854,1500000US281599502004,03
1855,1500000US281599503002,03
1856,1500000US281599503004,03
1857,1500000US281599504001,03
1858,1500000US281539504001,04
1859,1500000US281599504004,03
1860,1500000US281599505001,03
1861,1500000US281599505002,03
1862,1500000US281599505003,03
1863,1500000US281599505004,03
1864,1500000US281619501001,02
1865,1500000US281619501002,02
1866,1500000US281619502001,02
1867,1500000US281619502002,02
1868,1500000US281619502003,02
1869,1500000US281559502002,02
1870,1500000US281619503001,02
1871,1500000US281619503003,02
1872,1500000US281619503004,02
1873,1500000US281619503005,02
1874,1500000US281639501001,03
1875,1500000US281639501002,03
1876,1500000US281599501001,03
1877,1500000US281639501004,01
1878,1500000US281639502002,01
1879,1500000US281639502004,01
1880,1500000US281639503001,01
1881,1500000US281639503002,01
1882,1500000US281639503003,01
1883,1500000US281639504001,01
1884,1500000US281639505001,01
1885,1500000US281639505002,01
1886,1500000US281639505003,01
1887,1500000US281639506001,01
1888,1500000US281599504003,03
1889,1500000US281639506003,01
1890,1500000US281639506004,01
1891,1500000US281639506005,01
1892,1500000US280330703241,02
1893,1500000US280330712001,02
1894,1500000US280470023001,04
1895,1500000US280490007004,01
1896,1500000US280490101011,01
1897,1500000US280299504001,03
1898,1500000US280590416002,04
1899,1500000US280679504021,03
1900,1500000US280490112023,01
1901,1500000US281310201002,04
1902,1500000US281099505014,04
1903,1500000US280870009004,03
1904,1500000US280919503002,04
1905,1500000US281619502004,02
1906,1500000US280750105001,03
1907,1500000US281210202064,03
1908,1500000US281639501003,01
1909,1500000US281639506002,01
1910,1500000US281479502001,04
1911,1500000US281179503002,02
1912,1500000US281179503003,02
1913,1500000US281179503004,02
1914,1500000US281179503006,02
1915,1500000US281179504001,02
1916,1500000US281179504002,02
1917,1500000US281179504003,02
1918,1500000US281179504004,02
1919,1500000US281179505001,02
1920,1500000US281199501001,01
1921,1500000US281199501002,01
1922,1500000US281199502002,01
1923,1500000US281199503001,01
1924,1500000US280890303023,01
1925,1500000US280890303024,01
1926,1500000US280890304001,03
1927,1500000US280890304002,01
1928,1500000US280890304003,03
1929,1500000US280890305002,03
1930,1500000US280890305003,03
1931,1500000US280890305004,03
1932,1500000US280890306002,03
1933,1500000US280890307001,03
1934,1500000US280890308002,03
1935,1500000US280890309001,03
1936,1500000US280959504002,02
1937,1500000US281359504002,01
1938,1500000US281379501002,02
1939,1500000US281379501003,02
1940,1500000US281379502001,02
1941,1500000US281379502002,02
1942,1500000US281379502003,02
1943,1500000US281379502004,02
1944,1500000US281379503011,02
1945,1500000US281379503012,02
1946,1500000US281379503013,02
1947,1500000US281479501003,04
1948,1500000US281479501004,04
1949,1500000US281479501005,04
1950,1500000US281479501006,04
1951,1500000US281479502002,04
1952,1500000US281479503001,04
1953,1500000US281479503002,04
1954,1500000US281479503003,04
1955,1500000US281479503004,04
1956,1500000US281479503005,04
1957,1500000US281499501001,01
1958,1500000US281199503004,01
1959,1500000US281199503005,01
1960,1500000US281210201011,03
1961,1500000US281210201012,03
1962,1500000US281210201013,03
1963,1500000US281210201021,03
1964,1500000US281210201022,03
1965,1500000US281210201023,03
1966,1500000US281210202062,01
1967,1500000US281210202063,01
1968,1500000US281210202071,01
1969,1500000US280890309002,03
1970,1500000US280890309003,03
1971,1500000US280890309004,03
1972,1500000US280890310001,03
1973,1500000US280919501001,04
1974,1500000US280919501002,04
1975,1500000US280919501003,04
1976,1500000US280919501004,04
1977,1500000US280919501005,04
1978,1500000US281379503021,02
1979,1500000US281379503022,02
1980,1500000US281379504003,02
1981,1500000US281399501001,02
1982,1500000US281399501002,02
1983,1500000US281399501003,02
1984,1500000US281399501004,02
1985,1500000US281399502001,02
1986,1500000US281399502002,02
1987,1500000US281399502003,02
1988,1500000US281499501002,01
1989,1500000US281499501003,01
1990,1500000US281499502001,01
1991,1500000US281499502002,01
1992,1500000US281499502003,01
1993,1500000US281499502004,01
1994,1500000US281499503002,01
1995,1500000US281499503004,01
1996,1500000US281499504001,01
1997,1500000US281499504002,01
1998,1500000US281499504003,01
1999,1500000US281499504004,01
2000,1500000US281499505002,01
2001,1500000US281499505003,01
2002,1500000US281499506001,01
2003,1500000US281499506002,01
2004,1500000US281499506003,01
2005,1500000US281199503002,01
2006,1500000US281210202072,01
2007,1500000US281210202073,01
2008,1500000US281210202074,01
2009,1500000US281210202082,01
2010,1500000US281210202083,01
2011,1500000US281210202084,01
2012,1500000US281210202085,01
2013,1500000US281210202091,01
2014,1500000US281210202092,03
2015,1500000US281210202094,01
2016,1500000US281210202101,03
2017,1500000US281210202102,03
2018,1500000US281210202103,03
2019,1500000US281210202111,01
2020,1500000US281210202121,03
2021,1500000US281210202122,01
2022,1500000US281210202131,01
2023,1500000US281210203011,01
2024,1500000US281210203013,01
2025,1500000US280919502001,04
2026,1500000US280919502002,04
2027,1500000US280919503003,04
2028,1500000US280919504001,04
2029,1500000US280919504003,04
2030,1500000US280919504004,04
2031,1500000US280919505001,04
2032,1500000US280919505002,04
2033,1500000US280919505003,04
2034,1500000US281399503002,02
2035,1500000US281399504001,02
2036,1500000US281399504002,02
2037,1500000US281399504003,02
2038,1500000US281399504004,02
2039,1500000US281399504005,02
2040,1500000US281419501001,02
2041,1500000US281419501002,02
2042,1500000US281419501003,02
2043,1500000US281419502001,02
2044,1500000US281499506004,01
2045,1500000US281499507002,01
2046,1500000US281499507003,01
2047,1500000US281499508001,01
2048,1500000US281499508002,01
2049,1500000US281499509011,01
2050,1500000US281499509012,01
2051,1500000US281499509013,01
2052,1500000US281499509021,01
2053,1500000US281499511011,01
2054,1500000US281210203021,01
2055,1500000US281210203022,01
2056,1500000US281210203023,01
2057,1500000US281210204011,01
2058,1500000US281210204021,01
2059,1500000US281210204022,01
2060,1500000US281210204023,01
2061,1500000US281210205001,01
2062,1500000US280870004042,03
2063,1500000US280870005002,03
2064,1500000US280870005003,03
2065,1500000US280870006001,03
2066,1500000US280870006002,03
2067,1500000US280870007002,03
2068,1500000US280870007003,03
2069,1500000US280919506001,04
2070,1500000US280919506002,04
2071,1500000US280919506003,04
2072,1500000US280919506004,04
2073,1500000US280939501001,02
2074,1500000US280939501002,02
2075,1500000US280939501004,02
2076,1500000US280939502001,02
2077,1500000US280939502002,02
2078,1500000US280939502003,02
2079,1500000US281419502003,02
2080,1500000US281419503001,02
2081,1500000US281419503002,02
2082,1500000US281419503003,02
2083,1500000US281419503004,02
2084,1500000US281419503005,02
2085,1500000US281419504001,02
2086,1500000US281419504002,02
2087,1500000US281419504003,02
2088,1500000US281419504004,02
2089,1500000US281499511012,01
2090,1500000US281499511013,01
2091,1500000US281499511021,01
2092,1500000US281499511022,01
2093,1500000US281499511023,01
2094,1500000US281510001002,01
2095,1500000US281510002002,01
2096,1500000US281510003001,01
2097,1500000US281510003002,01
2098,1500000US281510003003,01
2099,1500000US281510004001,01
2100,1500000US281510004003,01
2101,1500000US280870007004,03
2102,1500000US280870008001,03
2103,1500000US280870008003,03
2104,1500000US280870009001,03
2105,1500000US280870009002,03
2106,1500000US280870009003,03
2107,1500000US280870009005,03
2108,1500000US280870009006,03
2109,1500000US280870010001,03
2110,1500000US280870010002,03
2111,1500000US280870011001,03
2112,1500000US280870011002,03
2113,1500000US280890301012,01
2114,1500000US280890301013,01
2115,1500000US280890301041,01
2116,1500000US280890301042,01
2117,1500000US280890301051,01
2118,1500000US280890301053,01
2119,1500000US280890301054,01
2120,1500000US280939502004,02
2121,1500000US280939503001,02
2122,1500000US280939503002,02
2123,1500000US280939503003,02
2124,1500000US280939503005,02
2125,1500000US280939504011,02
2126,1500000US280939504012,02
2127,1500000US280939504021,02
2128,1500000US280939504022,02
2129,1500000US280939505001,02
2130,1500000US280939505002,02
2131,1500000US280939505003,02
2132,1500000US281419504006,02
2133,1500000US281439501001,01
2134,1500000US281439501002,01
2135,1500000US281439501003,01
2136,1500000US281439502001,01
2137,1500000US281439502003,01
2138,1500000US281459501001,02
2139,1500000US281459501002,02
2140,1500000US281510006001,01
2141,1500000US281510006002,01
2142,1500000US281510006003,01
2143,1500000US281510006004,01
2144,1500000US281510007022,01
2145,1500000US281510007024,01
2146,1500000US281510008001,01
2147,1500000US281510008002,01
2148,1500000US281510009001,01
2149,1500000US281510009002,01
2150,1500000US281510010001,01
2151,1500000US281510010002,01
2152,1500000US281510011002,01
2153,1500000US281510012001,01
2154,1500000US281510012002,01
2155,1500000US281510013001,01
2156,1500000US281510013002,01
2157,1500000US281510014001,01
2158,1500000US281510014003,01
2159,1500000US281510014004,01
2160,1500000US281510015001,01
2161,1500000US281510015002,01
